{
    "header": {
        "messageType": "STAT",
        "sentTime": "2024-04-09T19:01:37.025000000Z",
        "sequenceNumber": "252",
        "version": "1.0"
    },
    "payload": [
        {
            "instrument": {
                "definitionSource": "E",
                "exchangeMic": "XCME",
                "id": "183748",
                "marketSeqmentId": "64",
                "periodCode": "",
                "productCode": "ES",
                "productGroup": "ES",
                "productType": "FUT",
                "symbol": "ESZ4"
            },
            "lastUpdateTime": "2024-04-09T13:29:33.801874193Z",
            "tradeStatistics": {
                "settlementPrice": "536725.0",
                "settlementPriceDate": "2024-04-08",
                "settlementPriceTimestamp": "2024-04-08T22:53:54.449129287Z",
                "settlementFinal": true,
                "settlementActual": true,
                "settlementRounded": false,
                "openInterest": "3637",
                "openInterestDate": "2024-04-08",
                "openInterestTimestamp": "2024-04-09T13:29:33.801874193Z",
                "clearedVolume": "29",
                "clearedVolumeDate": "2024-04-08",
                "clearedVolumeTimestamp": "2024-04-09T13:29:33.801874193Z"
            }
        }
    ]
}