{
    "header": {
        "messageType": "TOB",
        "sentTime": "2024-04-09T19:01:05.910000000Z",
        "sequenceNumber": "215",
        "version": "1.0"
    },
    "payload": [
        {
            "instrument": {
                "definitionSource": "E",
                "exchangeMic": "XCME",
                "id": "5602",
                "marketSeqmentId": "64",
                "periodCode": "",
                "productCode": "ES",
                "productGroup": "ES",
                "productType": "FUT",
                "symbol": "ESM4"
            },
            "askLevel": [
                {
                    "lastUpdateTime": "2024-04-09T19:01:05.836853475Z",
                    "orderCnt": "31",
                    "price": "522850.00000000006",
                    "qty": "42"
                }
            ],
            "bidLevel": [
                {
                    "lastUpdateTime": "2024-04-09T19:01:05.836853475Z",
                    "orderCnt": "17",
                    "price": "522825.00000000006",
                    "qty": "23"
                }
            ]
        }
    ]
}