{
    "header": {
        "messageType": "TRD",
        "sentTime": "2024-04-09T18:56:44.722000000Z",
        "sequenceNumber": "53",
        "version": "1.0"
    },
    "payload": [
        {
            "instrument": {
                "definitionSource": "E",
                "exchangeMic": "XCME",
                "id": "5602",
                "marketSeqmentId": "64",
                "periodCode": "",
                "productCode": "ES",
                "productGroup": "ES",
                "productType": "FUT",
                "symbol": "ESM4"
            },
            "lastUpdateTime": "2024-04-09T18:56:44.656027705Z",
            "tradeSummary": {
                "aggressorSide": "BUY",
                "mdTradeEntryId": "27607797",
                "tradePrice": "523300.00000000006",
                "tradeQty": "1",
                "tradeOrderCount": "2",
                "tradeUpdateAction": "New",
                "orderQty": [
                    {
                        "orderId": "6413122091182",
                        "lastQty": "1"
                    },
                    {
                        "orderId": "6413122077669",
                        "lastQty": "1"
                    }
                ]
            }
        }
    ]
}